-- phpMyAdmin SQL Dump
-- version 5.2.0
-- https://www.phpmyadmin.net/
--
-- Host: localhost:3306
-- Generation Time: Aug 05, 2025 at 07:26 PM
-- Server version: 8.0.30
-- PHP Version: 7.4.4

SET SQL_MODE = "NO_AUTO_VALUE_ON_ZERO";
START TRANSACTION;
SET time_zone = "+00:00";


/*!40101 SET @OLD_CHARACTER_SET_CLIENT=@@CHARACTER_SET_CLIENT */;
/*!40101 SET @OLD_CHARACTER_SET_RESULTS=@@CHARACTER_SET_RESULTS */;
/*!40101 SET @OLD_COLLATION_CONNECTION=@@COLLATION_CONNECTION */;
/*!40101 SET NAMES utf8mb4 */;

--
-- Database: `inventariskendaraan`
--

-- --------------------------------------------------------

--
-- Table structure for table `carts`
--

CREATE TABLE `carts` (
  `id` bigint UNSIGNED NOT NULL,
  `user_id` bigint UNSIGNED NOT NULL,
  `product_id` bigint UNSIGNED NOT NULL,
  `quantity` double NOT NULL,
  `created_at` timestamp NULL DEFAULT NULL,
  `updated_at` timestamp NULL DEFAULT NULL
) ENGINE=InnoDB DEFAULT CHARSET=utf8mb4 COLLATE=utf8mb4_unicode_ci;

-- --------------------------------------------------------

--
-- Table structure for table `categories`
--

CREATE TABLE `categories` (
  `id` bigint UNSIGNED NOT NULL,
  `name` varchar(255) CHARACTER SET utf8mb4 COLLATE utf8mb4_unicode_ci NOT NULL,
  `slug` varchar(255) CHARACTER SET utf8mb4 COLLATE utf8mb4_unicode_ci NOT NULL,
  `created_at` timestamp NULL DEFAULT NULL,
  `updated_at` timestamp NULL DEFAULT NULL
) ENGINE=InnoDB DEFAULT CHARSET=utf8mb4 COLLATE=utf8mb4_unicode_ci;

--
-- Dumping data for table `categories`
--

INSERT INTO `categories` (`id`, `name`, `slug`, `created_at`, `updated_at`) VALUES
(1, 'Digunakan sendiri untuk dinas Jabatan', 'wdawdaw', '2024-06-16 05:00:24', '2024-06-17 01:54:56'),
(3, 'Digunakan sendiri untuk Operasional', 'digunakan-sendiri-untuk-operasional', '2024-06-17 03:46:34', '2024-06-17 03:46:34'),
(5, 'Operasional Kantor', 'operasional-kantor', '2024-06-17 04:04:10', '2024-06-17 04:04:10');

-- --------------------------------------------------------

--
-- Table structure for table `failed_jobs`
--

CREATE TABLE `failed_jobs` (
  `id` bigint UNSIGNED NOT NULL,
  `uuid` varchar(255) CHARACTER SET utf8mb4 COLLATE utf8mb4_unicode_ci NOT NULL,
  `connection` text CHARACTER SET utf8mb4 COLLATE utf8mb4_unicode_ci NOT NULL,
  `queue` text CHARACTER SET utf8mb4 COLLATE utf8mb4_unicode_ci NOT NULL,
  `payload` longtext CHARACTER SET utf8mb4 COLLATE utf8mb4_unicode_ci NOT NULL,
  `exception` longtext CHARACTER SET utf8mb4 COLLATE utf8mb4_unicode_ci NOT NULL,
  `failed_at` timestamp NOT NULL DEFAULT CURRENT_TIMESTAMP
) ENGINE=InnoDB DEFAULT CHARSET=utf8mb4 COLLATE=utf8mb4_unicode_ci;

-- --------------------------------------------------------

--
-- Table structure for table `inventaris`
--

CREATE TABLE `inventaris` (
  `id` int NOT NULL,
  `id_barang` int NOT NULL,
  `id_pegawai` int NOT NULL,
  `nomor` varchar(255) NOT NULL,
  `tanggal` varchar(255) NOT NULL,
  `created_at` varchar(255) NOT NULL,
  `updated_at` varchar(255) NOT NULL
) ENGINE=InnoDB DEFAULT CHARSET=utf8mb4 COLLATE=utf8mb4_0900_ai_ci;

--
-- Dumping data for table `inventaris`
--

INSERT INTO `inventaris` (`id`, `id_barang`, `id_pegawai`, `nomor`, `tanggal`, `created_at`, `updated_at`) VALUES
(7, 21, 7, '881.A/PL21/RT/ BMN/2021', '20-09-2014', '2025-08-01 14:51:25', '2025-08-01 14:51:25'),
(8, 22, 8, '11', '11-07-2009', '2025-08-05 15:05:18', '2025-08-05 15:05:18'),
(9, 23, 9, '19', '21-03-2014', '2025-08-05 15:11:48', '2025-08-05 15:11:48'),
(10, 24, 10, '6', '11 DESEMBER 2008', '2025-08-05 15:18:09', '2025-08-05 15:18:09'),
(11, 25, 11, '21', '17 JANUARI 2014', '2025-08-05 15:25:44', '2025-08-05 15:25:44'),
(12, 26, 12, '14', '25 AGUSTUS 2008', '2025-08-05 15:30:27', '2025-08-05 15:30:27'),
(13, 27, 13, '9', '18 FEBRUARI 2009', '2025-08-05 15:36:53', '2025-08-05 15:36:53'),
(14, 28, 14, '10', '23 MARET 2010', '2025-08-05 17:56:26', '2025-08-05 17:56:26'),
(15, 29, 15, '20', '17 AGUSTUS 2014', '2025-08-05 18:02:13', '2025-08-05 18:02:13'),
(16, 30, 16, '1', '13 MEI 2011', '2025-08-05 18:07:00', '2025-08-05 18:07:00');

-- --------------------------------------------------------

--
-- Table structure for table `location`
--

CREATE TABLE `location` (
  `id` int NOT NULL,
  `longitude` varchar(255) NOT NULL,
  `latitude` varchar(255) NOT NULL,
  `created_at` varchar(255) NOT NULL,
  `updated_at` varchar(255) NOT NULL
) ENGINE=InnoDB DEFAULT CHARSET=utf8mb4 COLLATE=utf8mb4_0900_ai_ci;

--
-- Dumping data for table `location`
--

INSERT INTO `location` (`id`, `longitude`, `latitude`, `created_at`, `updated_at`) VALUES
(1, '117.124313', '-0.53551', '2025-07-09 19:18:08', '2025-07-09 19:18:08'),
(2, '117.124313', '-0.53551', '2025-07-09 19:18:15', '2025-07-09 19:18:15'),
(3, '117.124283', '-0.535457', '2025-07-09 19:18:21', '2025-07-09 19:18:21'),
(4, '117.124283', '-0.535457', '2025-07-09 19:18:27', '2025-07-09 19:18:27'),
(5, '117.124268', '-0.535456', '2025-07-09 19:18:33', '2025-07-09 19:18:33'),
(6, '117.124268', '-0.535463', '2025-07-09 19:18:57', '2025-07-09 19:18:57'),
(7, '117.124275', '-0.535473', '2025-07-09 19:19:03', '2025-07-09 19:19:03'),
(8, '117.124275', '-0.535476', '2025-07-09 19:19:10', '2025-07-09 19:19:10'),
(9, '117.124275', '-0.535476', '2025-07-09 19:19:16', '2025-07-09 19:19:16'),
(10, '117.124275', '-0.53547', '2025-07-09 19:19:23', '2025-07-09 19:19:23'),
(11, '117.124275', '-0.535467', '2025-07-09 19:19:29', '2025-07-09 19:19:29'),
(12, '117.12429', '-0.535469', '2025-07-09 19:19:36', '2025-07-09 19:19:36'),
(13, '117.12429', '-0.535469', '2025-07-09 19:19:42', '2025-07-09 19:19:42'),
(14, '117.124283', '-0.535466', '2025-07-09 19:19:48', '2025-07-09 19:19:48'),
(15, '117.124283', '-0.535466', '2025-07-09 19:19:54', '2025-07-09 19:19:54'),
(16, '117.124283', '-0.53547', '2025-07-09 19:20:00', '2025-07-09 19:20:00'),
(17, '117.124283', '-0.535478', '2025-07-09 19:20:06', '2025-07-09 19:20:06'),
(18, '117.124283', '-0.53548', '2025-07-09 19:20:12', '2025-07-09 19:20:12'),
(19, '117.124275', '-0.535475', '2025-07-09 19:20:18', '2025-07-09 19:20:18'),
(20, '117.124268', '-0.535474', '2025-07-09 19:20:24', '2025-07-09 19:20:24'),
(21, '117.124268', '-0.535473', '2025-07-09 19:20:30', '2025-07-09 19:20:30'),
(22, '117.12426', '-0.535473', '2025-07-09 19:20:36', '2025-07-09 19:20:36'),
(23, '117.124268', '-0.535471', '2025-07-09 19:20:42', '2025-07-09 19:20:42'),
(24, '117.124268', '-0.535466', '2025-07-09 19:20:48', '2025-07-09 19:20:48'),
(25, '117.124268', '-0.535459', '2025-07-09 19:20:54', '2025-07-09 19:20:54'),
(26, '117.124268', '-0.535445', '2025-07-09 19:20:59', '2025-07-09 19:20:59'),
(27, '117.124268', '-0.535419', '2025-07-09 19:21:05', '2025-07-09 19:21:05'),
(28, '117.124268', '-0.535419', '2025-07-09 19:21:12', '2025-07-09 19:21:12'),
(29, '117.124268', '-0.535417', '2025-07-09 19:21:18', '2025-07-09 19:21:18'),
(30, '117.124283', '-0.535412', '2025-07-09 19:21:25', '2025-07-09 19:21:25'),
(31, '117.124283', '-0.535419', '2025-07-09 19:21:37', '2025-07-09 19:21:37'),
(32, '117.124275', '-0.535455', '2025-07-09 19:21:43', '2025-07-09 19:21:43'),
(33, '117.124275', '-0.535455', '2025-07-09 19:21:49', '2025-07-09 19:21:49'),
(34, '117.124275', '-0.535452', '2025-07-09 19:21:55', '2025-07-09 19:21:55'),
(35, '117.124275', '-0.535439', '2025-07-09 19:22:02', '2025-07-09 19:22:02'),
(36, '117.124275', '-0.535457', '2025-07-09 19:26:11', '2025-07-09 19:26:11'),
(37, '117.124275', '-0.535455', '2025-07-09 19:26:17', '2025-07-09 19:26:17'),
(38, '117.124275', '-0.535455', '2025-07-09 19:26:23', '2025-07-09 19:26:23'),
(39, '117.124268', '-0.535469', '2025-07-09 19:26:30', '2025-07-09 19:26:30'),
(40, '117.12426', '-0.535477', '2025-07-09 19:26:37', '2025-07-09 19:26:37'),
(41, '117.12426', '-0.535477', '2025-07-09 19:26:44', '2025-07-09 19:26:44'),
(42, '117.124245', '-0.53549', '2025-07-09 19:26:51', '2025-07-09 19:26:51'),
(43, '117.124245', '-0.535491', '2025-07-09 19:26:58', '2025-07-09 19:26:58'),
(44, '117.124245', '-0.53549', '2025-07-09 19:27:04', '2025-07-09 19:27:04'),
(45, '117.124245', '-0.535485', '2025-07-09 19:27:11', '2025-07-09 19:27:11'),
(46, '117.124245', '-0.535485', '2025-07-09 19:27:17', '2025-07-09 19:27:17'),
(47, '117.124237', '-0.535487', '2025-07-09 19:27:24', '2025-07-09 19:27:24'),
(48, '117.124237', '-0.535482', '2025-07-09 19:27:31', '2025-07-09 19:27:31'),
(49, '117.124237', '-0.535482', '2025-07-09 19:27:37', '2025-07-09 19:27:37'),
(50, '117.124252', '-0.535474', '2025-07-09 19:27:43', '2025-07-09 19:27:43'),
(51, '117.12429', '-0.53545', '2025-07-09 19:27:50', '2025-07-09 19:27:50'),
(52, '117.12429', '-0.53545', '2025-07-09 19:27:56', '2025-07-09 19:27:56'),
(53, '117.124321', '-0.535438', '2025-07-09 19:28:02', '2025-07-09 19:28:02'),
(54, '117.124321', '-0.535435', '2025-07-09 19:28:09', '2025-07-09 19:28:09'),
(55, '117.124306', '-0.535441', '2025-07-09 19:28:14', '2025-07-09 19:28:14'),
(56, '117.124313', '-0.535437', '2025-07-09 19:28:21', '2025-07-09 19:28:21'),
(57, '117.124306', '-0.53544', '2025-07-09 19:28:28', '2025-07-09 19:28:28'),
(58, '117.124306', '-0.53544', '2025-07-09 19:28:34', '2025-07-09 19:28:34'),
(59, '117.124313', '-0.535436', '2025-07-09 19:28:40', '2025-07-09 19:28:40'),
(60, '117.124313', '-0.535434', '2025-07-09 19:28:48', '2025-07-09 19:28:48'),
(61, '117.124321', '-0.535431', '2025-07-09 19:28:54', '2025-07-09 19:28:54'),
(62, '117.124313', '-0.535436', '2025-07-09 19:29:00', '2025-07-09 19:29:00'),
(63, '117.124344', '-0.535423', '2025-07-09 19:29:07', '2025-07-09 19:29:07'),
(64, '117.124336', '-0.535424', '2025-07-09 19:29:14', '2025-07-09 19:29:14'),
(65, '117.124336', '-0.535424', '2025-07-09 19:29:21', '2025-07-09 19:29:21'),
(66, '117.124321', '-0.535431', '2025-07-09 19:29:27', '2025-07-09 19:29:27'),
(67, '117.124313', '-0.535439', '2025-07-09 19:29:33', '2025-07-09 19:29:33'),
(68, '117.124313', '-0.535447', '2025-07-09 19:29:39', '2025-07-09 19:29:39'),
(69, '117.124313', '-0.535448', '2025-07-09 19:29:45', '2025-07-09 19:29:45'),
(70, '117.124313', '-0.535443', '2025-07-09 19:29:52', '2025-07-09 19:29:52'),
(71, '117.124321', '-0.535436', '2025-07-09 19:29:58', '2025-07-09 19:29:58'),
(72, '117.124321', '-0.535426', '2025-07-09 19:30:03', '2025-07-09 19:30:03'),
(73, '117.124329', '-0.535423', '2025-07-09 19:30:10', '2025-07-09 19:30:10'),
(74, '117.124329', '-0.535426', '2025-07-09 19:30:16', '2025-07-09 19:30:16'),
(75, '117.124268', '-0.535455', '2025-07-09 19:30:22', '2025-07-09 19:30:22'),
(76, '117.12426', '-0.535457', '2025-07-09 19:30:29', '2025-07-09 19:30:29'),
(77, '117.124275', '-0.535447', '2025-07-09 19:30:35', '2025-07-09 19:30:35'),
(78, '117.12429', '-0.535436', '2025-07-09 19:30:41', '2025-07-09 19:30:41'),
(79, '117.12429', '-0.535436', '2025-07-09 19:30:47', '2025-07-09 19:30:47'),
(80, '117.124283', '-0.535441', '2025-07-09 19:30:54', '2025-07-09 19:30:54'),
(81, '117.124298', '-0.535442', '2025-07-09 19:31:00', '2025-07-09 19:31:00'),
(82, '117.124298', '-0.53544', '2025-07-09 19:31:06', '2025-07-09 19:31:06'),
(83, '117.124298', '-0.53544', '2025-07-09 19:31:13', '2025-07-09 19:31:13'),
(84, '117.124252', '-0.535468', '2025-07-09 19:31:20', '2025-07-09 19:31:20'),
(85, '117.124252', '-0.535468', '2025-07-09 19:31:26', '2025-07-09 19:31:26'),
(86, '117.124237', '-0.535472', '2025-07-09 19:31:32', '2025-07-09 19:31:32'),
(87, '117.124237', '-0.535471', '2025-07-09 19:31:38', '2025-07-09 19:31:38'),
(88, '117.124245', '-0.535474', '2025-07-09 19:31:44', '2025-07-09 19:31:44'),
(89, '117.124237', '-0.535476', '2025-07-09 19:31:52', '2025-07-09 19:31:52'),
(90, '117.124245', '-0.535478', '2025-07-09 19:31:58', '2025-07-09 19:31:58'),
(91, '117.124245', '-0.535489', '2025-07-09 19:32:03', '2025-07-09 19:32:03'),
(92, '117.124252', '-0.535484', '2025-07-09 19:32:09', '2025-07-09 19:32:09'),
(93, '117.124252', '-0.535484', '2025-07-09 19:32:16', '2025-07-09 19:32:16'),
(94, '117.124268', '-0.535474', '2025-07-09 19:32:24', '2025-07-09 19:32:24'),
(95, '117.124268', '-0.535474', '2025-07-09 19:32:30', '2025-07-09 19:32:30'),
(96, '117.124268', '-0.535475', '2025-07-09 19:32:36', '2025-07-09 19:32:36'),
(97, '117.124268', '-0.535466', '2025-07-09 19:32:42', '2025-07-09 19:32:42'),
(98, '117.12426', '-0.535473', '2025-07-09 19:32:48', '2025-07-09 19:32:48'),
(99, '117.124252', '-0.535477', '2025-07-09 19:32:54', '2025-07-09 19:32:54'),
(100, '117.124252', '-0.535475', '2025-07-09 19:33:01', '2025-07-09 19:33:01'),
(101, '117.124252', '-0.535473', '2025-07-09 19:33:07', '2025-07-09 19:33:07'),
(102, '117.124252', '-0.535476', '2025-07-09 19:33:13', '2025-07-09 19:33:13'),
(103, '117.124245', '-0.535479', '2025-07-09 19:33:20', '2025-07-09 19:33:20'),
(104, '117.124245', '-0.535479', '2025-07-09 19:33:26', '2025-07-09 19:33:26'),
(105, '117.124245', '-0.535481', '2025-07-09 19:33:34', '2025-07-09 19:33:34'),
(106, '117.124237', '-0.535486', '2025-07-09 19:33:41', '2025-07-09 19:33:41'),
(107, '117.124214', '-0.535489', '2025-07-09 19:33:46', '2025-07-09 19:33:46'),
(108, '117.124214', '-0.535494', '2025-07-09 19:33:52', '2025-07-09 19:33:52'),
(109, '117.124222', '-0.535493', '2025-07-09 19:33:59', '2025-07-09 19:33:59'),
(110, '117.124229', '-0.535492', '2025-07-09 19:34:05', '2025-07-09 19:34:05'),
(111, '117.124252', '-0.535492', '2025-07-09 19:34:13', '2025-07-09 19:34:13'),
(112, '117.12426', '-0.535494', '2025-07-09 19:34:20', '2025-07-09 19:34:20'),
(113, '117.12426', '-0.535495', '2025-07-09 19:34:26', '2025-07-09 19:34:26'),
(114, '117.12426', '-0.535495', '2025-07-09 19:34:33', '2025-07-09 19:34:33'),
(115, '117.12426', '-0.535496', '2025-07-09 19:34:39', '2025-07-09 19:34:39'),
(116, '117.124252', '-0.535497', '2025-07-09 19:34:45', '2025-07-09 19:34:45'),
(117, '117.12426', '-0.535502', '2025-07-09 19:34:52', '2025-07-09 19:34:52'),
(118, '117.124252', '-0.535509', '2025-07-09 19:35:00', '2025-07-09 19:35:00'),
(119, '117.124245', '-0.535505', '2025-07-09 19:35:06', '2025-07-09 19:35:06'),
(120, '117.124245', '-0.535505', '2025-07-09 19:35:12', '2025-07-09 19:35:12'),
(121, '117.124245', '-0.535504', '2025-07-09 19:35:19', '2025-07-09 19:35:19'),
(122, '117.124252', '-0.535485', '2025-07-09 19:35:25', '2025-07-09 19:35:25'),
(123, '117.124252', '-0.535485', '2025-07-09 19:35:32', '2025-07-09 19:35:32'),
(124, '117.12426', '-0.535492', '2025-07-09 19:35:40', '2025-07-09 19:35:40'),
(125, '117.12426', '-0.535492', '2025-07-09 19:35:46', '2025-07-09 19:35:46'),
(126, '117.12426', '-0.535496', '2025-07-09 19:35:52', '2025-07-09 19:35:52'),
(127, '117.12426', '-0.535504', '2025-07-09 19:35:58', '2025-07-09 19:35:58'),
(128, '117.12426', '-0.535504', '2025-07-09 19:36:05', '2025-07-09 19:36:05'),
(129, '117.12426', '-0.53551', '2025-07-09 19:36:11', '2025-07-09 19:36:11'),
(130, '117.12426', '-0.535508', '2025-07-09 19:36:18', '2025-07-09 19:36:18'),
(131, '117.12426', '-0.535508', '2025-07-09 19:36:24', '2025-07-09 19:36:24'),
(132, '117.12426', '-0.535486', '2025-07-09 19:36:31', '2025-07-09 19:36:31'),
(133, '117.12426', '-0.535472', '2025-07-09 19:36:37', '2025-07-09 19:36:37'),
(134, '117.12426', '-0.535472', '2025-07-09 19:36:43', '2025-07-09 19:36:43'),
(135, '117.12426', '-0.535465', '2025-07-09 19:36:50', '2025-07-09 19:36:50'),
(136, '117.124268', '-0.535461', '2025-07-09 19:36:56', '2025-07-09 19:36:56'),
(137, '117.124275', '-0.535452', '2025-07-09 19:37:03', '2025-07-09 19:37:03'),
(138, '117.124275', '-0.535452', '2025-07-09 19:37:09', '2025-07-09 19:37:09'),
(139, '117.124275', '-0.535454', '2025-07-09 19:37:16', '2025-07-09 19:37:16'),
(140, '117.124275', '-0.535454', '2025-07-09 19:37:22', '2025-07-09 19:37:22'),
(141, '117.124268', '-0.535459', '2025-07-09 19:37:28', '2025-07-09 19:37:28'),
(142, '117.12426', '-0.535458', '2025-07-09 19:37:34', '2025-07-09 19:37:34'),
(143, '117.12426', '-0.535458', '2025-07-09 19:37:40', '2025-07-09 19:37:40'),
(144, '117.124275', '-0.535469', '2025-07-09 19:37:47', '2025-07-09 19:37:47'),
(145, '117.124283', '-0.535467', '2025-07-09 19:37:54', '2025-07-09 19:37:54'),
(146, '117.124283', '-0.535467', '2025-07-09 19:38:00', '2025-07-09 19:38:00'),
(147, '117.124298', '-0.53547', '2025-07-09 19:38:06', '2025-07-09 19:38:06'),
(148, '117.12429', '-0.535471', '2025-07-09 19:38:13', '2025-07-09 19:38:13'),
(149, '117.12429', '-0.535471', '2025-07-09 19:38:20', '2025-07-09 19:38:20'),
(150, '117.12429', '-0.535462', '2025-07-09 19:38:27', '2025-07-09 19:38:27'),
(151, '117.12429', '-0.535462', '2025-07-09 19:38:32', '2025-07-09 19:38:32'),
(152, '117.124298', '-0.535463', '2025-07-09 19:38:38', '2025-07-09 19:38:38'),
(153, '117.12429', '-0.535466', '2025-07-09 19:38:44', '2025-07-09 19:38:44'),
(154, '117.12429', '-0.535469', '2025-07-09 19:38:51', '2025-07-09 19:38:51'),
(155, '117.12429', '-0.535469', '2025-07-09 19:38:57', '2025-07-09 19:38:57'),
(156, '117.12429', '-0.535474', '2025-07-09 19:39:03', '2025-07-09 19:39:03'),
(157, '117.12429', '-0.535478', '2025-07-09 19:39:09', '2025-07-09 19:39:09'),
(158, '117.124283', '-0.535479', '2025-07-09 19:39:16', '2025-07-09 19:39:16'),
(159, '117.124275', '-0.535479', '2025-07-09 19:39:23', '2025-07-09 19:39:23'),
(160, '117.124275', '-0.535479', '2025-07-09 19:39:28', '2025-07-09 19:39:28'),
(161, '117.124283', '-0.535486', '2025-07-09 19:39:35', '2025-07-09 19:39:35'),
(162, '117.124298', '-0.535496', '2025-07-09 19:39:42', '2025-07-09 19:39:42'),
(163, '117.124298', '-0.535496', '2025-07-09 19:39:48', '2025-07-09 19:39:48'),
(164, '117.124306', '-0.5355', '2025-07-09 19:39:55', '2025-07-09 19:39:55'),
(165, '117.124306', '-0.5355', '2025-07-09 19:40:01', '2025-07-09 19:40:01'),
(166, '117.124306', '-0.535502', '2025-07-09 19:40:07', '2025-07-09 19:40:07'),
(167, '117.124306', '-0.535501', '2025-07-09 19:40:13', '2025-07-09 19:40:13'),
(168, '117.124306', '-0.5355', '2025-07-09 19:40:20', '2025-07-09 19:40:20'),
(169, '117.124306', '-0.5355', '2025-07-09 19:40:26', '2025-07-09 19:40:26'),
(170, '117.124306', '-0.535502', '2025-07-09 19:40:32', '2025-07-09 19:40:32'),
(171, '117.124298', '-0.535496', '2025-07-09 19:40:38', '2025-07-09 19:40:38'),
(172, '117.124298', '-0.535496', '2025-07-09 19:40:44', '2025-07-09 19:40:44'),
(173, '117.124298', '-0.535492', '2025-07-09 19:40:50', '2025-07-09 19:40:50'),
(174, '117.124298', '-0.535478', '2025-07-09 19:40:57', '2025-07-09 19:40:57'),
(175, '117.124298', '-0.535478', '2025-07-09 19:41:02', '2025-07-09 19:41:02'),
(176, '117.124298', '-0.535476', '2025-07-09 19:41:08', '2025-07-09 19:41:08'),
(177, '117.124298', '-0.535476', '2025-07-09 19:41:14', '2025-07-09 19:41:14'),
(178, '117.124306', '-0.535478', '2025-07-09 19:41:20', '2025-07-09 19:41:20'),
(179, '117.124313', '-0.535479', '2025-07-09 19:41:27', '2025-07-09 19:41:27'),
(180, '117.124199', '-0.535505', '2025-07-09 19:52:32', '2025-07-09 19:52:32'),
(181, '117.124199', '-0.535513', '2025-07-09 19:52:38', '2025-07-09 19:52:38'),
(182, '117.124207', '-0.535513', '2025-07-09 19:52:45', '2025-07-09 19:52:45'),
(183, '117.124207', '-0.535505', '2025-07-09 19:52:51', '2025-07-09 19:52:51'),
(184, '117.124207', '-0.535505', '2025-07-09 19:52:57', '2025-07-09 19:52:57'),
(185, '117.124207', '-0.535504', '2025-07-09 19:53:04', '2025-07-09 19:53:04'),
(186, '117.124199', '-0.53549', '2025-07-09 19:53:10', '2025-07-09 19:53:10'),
(187, '117.124199', '-0.53549', '2025-07-09 19:53:15', '2025-07-09 19:53:15'),
(188, '117.124207', '-0.535491', '2025-07-09 19:53:22', '2025-07-09 19:53:22'),
(189, '117.124207', '-0.535491', '2025-07-09 19:53:28', '2025-07-09 19:53:28'),
(190, '117.124207', '-0.535497', '2025-07-09 19:53:34', '2025-07-09 19:53:34'),
(191, '117.124207', '-0.535497', '2025-07-09 19:53:40', '2025-07-09 19:53:40'),
(192, '117.124214', '-0.535496', '2025-07-09 19:53:46', '2025-07-09 19:53:46'),
(193, '117.124222', '-0.535493', '2025-07-09 19:53:53', '2025-07-09 19:53:53'),
(194, '117.124237', '-0.535488', '2025-07-09 19:53:59', '2025-07-09 19:53:59'),
(195, '117.124237', '-0.535488', '2025-07-09 19:54:05', '2025-07-09 19:54:05'),
(196, '117.124245', '-0.535486', '2025-07-09 19:54:11', '2025-07-09 19:54:11'),
(197, '117.124245', '-0.535486', '2025-07-09 19:54:17', '2025-07-09 19:54:17'),
(198, '117.124245', '-0.535487', '2025-07-09 19:54:23', '2025-07-09 19:54:23'),
(199, '117.124245', '-0.535495', '2025-07-09 19:54:28', '2025-07-09 19:54:28'),
(200, '117.124245', '-0.5355', '2025-07-09 19:54:34', '2025-07-09 19:54:34'),
(201, '117.124237', '-0.535501', '2025-07-09 19:54:40', '2025-07-09 19:54:40'),
(202, '117.124237', '-0.535493', '2025-07-09 19:54:46', '2025-07-09 19:54:46'),
(203, '117.124252', '-0.535486', '2025-07-09 19:54:51', '2025-07-09 19:54:51'),
(204, '117.124275', '-0.535479', '2025-07-09 19:54:57', '2025-07-09 19:54:57'),
(205, '117.124275', '-0.535479', '2025-07-09 19:55:03', '2025-07-09 19:55:03'),
(206, '117.124283', '-0.535475', '2025-07-09 19:55:09', '2025-07-09 19:55:09'),
(207, '117.12429', '-0.535477', '2025-07-09 19:55:15', '2025-07-09 19:55:15'),
(208, '117.12429', '-0.53548', '2025-07-09 19:55:22', '2025-07-09 19:55:22'),
(209, '117.124298', '-0.535479', '2025-07-09 19:55:28', '2025-07-09 19:55:28'),
(210, '117.124298', '-0.535475', '2025-07-09 19:55:34', '2025-07-09 19:55:34'),
(211, '117.124298', '-0.535475', '2025-07-09 19:55:41', '2025-07-09 19:55:41'),
(212, '117.12429', '-0.535475', '2025-07-09 19:55:48', '2025-07-09 19:55:48'),
(213, '117.124283', '-0.53548', '2025-07-09 19:55:54', '2025-07-09 19:55:54'),
(214, '117.124268', '-0.535479', '2025-07-09 19:56:00', '2025-07-09 19:56:00'),
(215, '117.124268', '-0.535479', '2025-07-09 19:56:06', '2025-07-09 19:56:06'),
(216, '117.124275', '-0.53548', '2025-07-09 19:56:12', '2025-07-09 19:56:12'),
(217, '117.124268', '-0.535485', '2025-07-09 19:56:19', '2025-07-09 19:56:19'),
(218, '117.124214', '-0.535477', '2025-07-09 19:56:25', '2025-07-09 19:56:25'),
(219, '117.124199', '-0.535477', '2025-07-09 19:56:30', '2025-07-09 19:56:30'),
(220, '117.124191', '-0.535479', '2025-07-09 19:56:37', '2025-07-09 19:56:37'),
(221, '117.124191', '-0.535479', '2025-07-09 19:56:43', '2025-07-09 19:56:43'),
(222, '117.124199', '-0.535468', '2025-07-09 19:56:49', '2025-07-09 19:56:49'),
(223, '117.124199', '-0.535468', '2025-07-09 19:56:55', '2025-07-09 19:56:55'),
(224, '117.124214', '-0.535476', '2025-07-09 19:57:02', '2025-07-09 19:57:02'),
(225, '117.124222', '-0.535477', '2025-07-09 19:57:09', '2025-07-09 19:57:09'),
(226, '117.124222', '-0.535477', '2025-07-09 19:57:15', '2025-07-09 19:57:15'),
(227, '117.124222', '-0.535469', '2025-07-09 19:57:21', '2025-07-09 19:57:21'),
(228, '117.12426', '-0.535516', '2025-07-09 20:00:04', '2025-07-09 20:00:04'),
(229, '117.124245', '-0.535518', '2025-07-09 20:00:10', '2025-07-09 20:00:10'),
(230, '117.124237', '-0.535512', '2025-07-09 20:00:16', '2025-07-09 20:00:16'),
(231, '117.124237', '-0.535512', '2025-07-09 20:00:22', '2025-07-09 20:00:22'),
(232, '117.124229', '-0.53552', '2025-07-09 20:00:28', '2025-07-09 20:00:28'),
(233, '117.124222', '-0.535524', '2025-07-09 20:00:34', '2025-07-09 20:00:34'),
(234, '117.124222', '-0.535523', '2025-07-09 20:00:39', '2025-07-09 20:00:39'),
(235, '117.124229', '-0.535513', '2025-07-09 20:00:45', '2025-07-09 20:00:45'),
(236, '117.124229', '-0.535509', '2025-07-09 20:00:51', '2025-07-09 20:00:51'),
(237, '117.124237', '-0.535504', '2025-07-09 20:00:57', '2025-07-09 20:00:57'),
(238, '117.124252', '-0.535492', '2025-07-09 20:01:03', '2025-07-09 20:01:03'),
(239, '117.12426', '-0.535484', '2025-07-09 20:01:09', '2025-07-09 20:01:09'),
(240, '117.12426', '-0.535487', '2025-07-09 20:01:14', '2025-07-09 20:01:14'),
(241, '117.12426', '-0.535488', '2025-07-09 20:01:20', '2025-07-09 20:01:20'),
(242, '117.124275', '-0.53548', '2025-07-09 20:01:27', '2025-07-09 20:01:27'),
(243, '117.124275', '-0.535481', '2025-07-09 20:01:32', '2025-07-09 20:01:32'),
(244, '117.124283', '-0.535483', '2025-07-09 20:01:38', '2025-07-09 20:01:38'),
(245, '117.124283', '-0.535483', '2025-07-09 20:01:44', '2025-07-09 20:01:44'),
(246, '117.124283', '-0.53548', '2025-07-09 20:01:49', '2025-07-09 20:01:49'),
(247, '117.124283', '-0.535472', '2025-07-09 20:01:55', '2025-07-09 20:01:55'),
(248, '117.124283', '-0.535472', '2025-07-09 20:02:00', '2025-07-09 20:02:00'),
(249, '117.12429', '-0.53547', '2025-07-09 20:02:06', '2025-07-09 20:02:06'),
(250, '117.124298', '-0.535469', '2025-07-09 20:02:12', '2025-07-09 20:02:12'),
(251, '117.124298', '-0.535469', '2025-07-09 20:02:18', '2025-07-09 20:02:18'),
(252, '117.12429', '-0.535469', '2025-07-09 20:02:23', '2025-07-09 20:02:23'),
(253, '117.12429', '-0.535465', '2025-07-09 20:02:29', '2025-07-09 20:02:29'),
(254, '117.12429', '-0.535462', '2025-07-09 20:02:35', '2025-07-09 20:02:35'),
(255, '117.124283', '-0.53546', '2025-07-09 20:02:40', '2025-07-09 20:02:40'),
(256, '117.124275', '-0.535463', '2025-07-09 20:02:47', '2025-07-09 20:02:47'),
(257, '117.124275', '-0.535463', '2025-07-09 20:02:52', '2025-07-09 20:02:52'),
(258, '117.124268', '-0.535467', '2025-07-09 20:02:58', '2025-07-09 20:02:58'),
(259, '117.12426', '-0.53547', '2025-07-09 20:03:04', '2025-07-09 20:03:04'),
(260, '117.12426', '-0.535476', '2025-07-09 20:03:09', '2025-07-09 20:03:09'),
(261, '117.124252', '-0.535485', '2025-07-09 20:03:15', '2025-07-09 20:03:15'),
(262, '117.124245', '-0.535491', '2025-07-09 20:03:21', '2025-07-09 20:03:21'),
(263, '117.124245', '-0.535492', '2025-07-09 20:03:27', '2025-07-09 20:03:27'),
(264, '117.124252', '-0.53549', '2025-07-09 20:03:33', '2025-07-09 20:03:33'),
(265, '117.124252', '-0.535492', '2025-07-09 20:03:38', '2025-07-09 20:03:38'),
(266, '117.124252', '-0.535501', '2025-07-09 20:03:44', '2025-07-09 20:03:44'),
(267, '117.124268', '-0.535485', '2025-07-09 20:03:51', '2025-07-09 20:03:51'),
(268, '117.124268', '-0.535485', '2025-07-09 20:03:56', '2025-07-09 20:03:56'),
(269, '117.124283', '-0.535466', '2025-07-09 20:04:02', '2025-07-09 20:04:02'),
(270, '117.124283', '-0.535466', '2025-07-09 20:04:08', '2025-07-09 20:04:08'),
(271, '117.124283', '-0.53546', '2025-07-09 20:04:14', '2025-07-09 20:04:14'),
(272, '117.12429', '-0.53545', '2025-07-09 20:04:20', '2025-07-09 20:04:20'),
(273, '117.124306', '-0.535426', '2025-07-09 20:04:26', '2025-07-09 20:04:26'),
(274, '117.124306', '-0.535426', '2025-07-09 20:04:32', '2025-07-09 20:04:32'),
(275, '117.124306', '-0.535426', '2025-07-09 20:04:37', '2025-07-09 20:04:37'),
(276, '117.124306', '-0.535428', '2025-07-09 20:04:43', '2025-07-09 20:04:43'),
(277, '117.124306', '-0.535428', '2025-07-09 20:04:49', '2025-07-09 20:04:49'),
(278, '117.124313', '-0.535431', '2025-07-09 20:04:54', '2025-07-09 20:04:54'),
(279, '117.124321', '-0.535424', '2025-07-09 20:05:00', '2025-07-09 20:05:00'),
(280, '117.124321', '-0.535424', '2025-07-09 20:05:06', '2025-07-09 20:05:06'),
(281, '117.124329', '-0.535424', '2025-07-09 20:05:11', '2025-07-09 20:05:11'),
(282, '117.124321', '-0.53543', '2025-07-09 20:05:17', '2025-07-09 20:05:17'),
(283, '117.124313', '-0.535438', '2025-07-09 20:05:22', '2025-07-09 20:05:22'),
(284, '117.124313', '-0.535438', '2025-07-09 20:05:28', '2025-07-09 20:05:28'),
(285, '117.124313', '-0.535431', '2025-07-09 20:05:33', '2025-07-09 20:05:33'),
(286, '117.124329', '-0.535413', '2025-07-09 20:05:39', '2025-07-09 20:05:39'),
(287, '117.124336', '-0.535408', '2025-07-09 20:05:45', '2025-07-09 20:05:45'),
(288, '117.124352', '-0.535411', '2025-07-09 20:05:50', '2025-07-09 20:05:50'),
(289, '117.124352', '-0.535411', '2025-07-09 20:05:56', '2025-07-09 20:05:56'),
(290, '117.124352', '-0.535419', '2025-07-09 20:06:01', '2025-07-09 20:06:01'),
(291, '117.124336', '-0.535429', '2025-07-09 20:06:07', '2025-07-09 20:06:07'),
(292, '117.124336', '-0.535429', '2025-07-09 20:06:13', '2025-07-09 20:06:13'),
(293, '117.124336', '-0.535438', '2025-07-09 20:06:18', '2025-07-09 20:06:18'),
(294, '117.124321', '-0.535439', '2025-07-09 20:06:24', '2025-07-09 20:06:24'),
(295, '117.124321', '-0.535439', '2025-07-09 20:06:30', '2025-07-09 20:06:30'),
(296, '117.124329', '-0.535432', '2025-07-09 20:06:35', '2025-07-09 20:06:35'),
(297, '117.124329', '-0.535426', '2025-07-09 20:06:41', '2025-07-09 20:06:41'),
(298, '117.124329', '-0.535426', '2025-07-09 20:06:46', '2025-07-09 20:06:46'),
(299, '117.124321', '-0.535424', '2025-07-09 20:06:52', '2025-07-09 20:06:52'),
(300, '117.124321', '-0.535424', '2025-07-09 20:06:57', '2025-07-09 20:06:57'),
(301, '117.124321', '-0.53543', '2025-07-09 20:07:03', '2025-07-09 20:07:03'),
(302, '117.124321', '-0.535441', '2025-07-09 20:07:09', '2025-07-09 20:07:09'),
(303, '117.124313', '-0.535449', '2025-07-09 20:07:14', '2025-07-09 20:07:14'),
(304, '117.124298', '-0.535456', '2025-07-09 20:07:20', '2025-07-09 20:07:20'),
(305, '117.124298', '-0.535458', '2025-07-09 20:07:25', '2025-07-09 20:07:25'),
(306, '117.124298', '-0.53546', '2025-07-09 20:07:31', '2025-07-09 20:07:31'),
(307, '117.124306', '-0.535455', '2025-07-09 20:07:37', '2025-07-09 20:07:37'),
(308, '117.124306', '-0.535455', '2025-07-09 20:07:43', '2025-07-09 20:07:43'),
(309, '117.12429', '-0.535458', '2025-07-09 20:07:48', '2025-07-09 20:07:48'),
(310, '117.12429', '-0.535458', '2025-07-09 20:07:54', '2025-07-09 20:07:54'),
(311, '117.124275', '-0.535466', '2025-07-09 20:07:59', '2025-07-09 20:07:59'),
(312, '117.124275', '-0.535464', '2025-07-09 20:08:05', '2025-07-09 20:08:05'),
(313, '117.124275', '-0.535464', '2025-07-09 20:08:11', '2025-07-09 20:08:11'),
(314, '117.124283', '-0.535465', '2025-07-09 20:08:16', '2025-07-09 20:08:16'),
(315, '117.124298', '-0.535462', '2025-07-09 20:08:22', '2025-07-09 20:08:22'),
(316, '117.124298', '-0.535465', '2025-07-09 20:08:27', '2025-07-09 20:08:27'),
(317, '117.124275', '-0.535476', '2025-07-09 20:08:33', '2025-07-09 20:08:33'),
(318, '117.124275', '-0.535476', '2025-07-09 20:08:39', '2025-07-09 20:08:39'),
(319, '117.124275', '-0.535479', '2025-07-09 20:08:44', '2025-07-09 20:08:44'),
(320, '117.124275', '-0.535479', '2025-07-09 20:08:50', '2025-07-09 20:08:50'),
(321, '117.124275', '-0.535479', '2025-07-09 20:08:56', '2025-07-09 20:08:56'),
(322, '117.12429', '-0.535471', '2025-07-09 20:09:01', '2025-07-09 20:09:01'),
(323, '117.124298', '-0.535461', '2025-07-09 20:09:07', '2025-07-09 20:09:07'),
(324, '117.124298', '-0.535461', '2025-07-09 20:09:13', '2025-07-09 20:09:13'),
(325, '117.124298', '-0.535465', '2025-07-09 20:09:18', '2025-07-09 20:09:18'),
(326, '117.12429', '-0.535475', '2025-07-09 20:09:24', '2025-07-09 20:09:24'),
(327, '117.124298', '-0.535467', '2025-07-09 20:09:30', '2025-07-09 20:09:30'),
(328, '117.124298', '-0.535467', '2025-07-09 20:09:36', '2025-07-09 20:09:36'),
(329, '117.12429', '-0.535469', '2025-07-09 20:09:41', '2025-07-09 20:09:41'),
(330, '117.12429', '-0.535471', '2025-07-09 20:09:47', '2025-07-09 20:09:47'),
(331, '117.124283', '-0.535473', '2025-07-09 20:09:52', '2025-07-09 20:09:52'),
(332, '117.124268', '-0.535487', '2025-07-09 20:09:58', '2025-07-09 20:09:58'),
(333, '117.124268', '-0.535487', '2025-07-09 20:10:04', '2025-07-09 20:10:04'),
(334, '117.12426', '-0.535494', '2025-07-09 20:10:09', '2025-07-09 20:10:09'),
(335, '117.124245', '-0.535505', '2025-07-09 20:10:15', '2025-07-09 20:10:15'),
(336, '117.124245', '-0.535505', '2025-07-09 20:10:20', '2025-07-09 20:10:20'),
(337, '117.124237', '-0.535509', '2025-07-09 20:10:26', '2025-07-09 20:10:26'),
(338, '117.124222', '-0.535512', '2025-07-09 20:10:32', '2025-07-09 20:10:32'),
(339, '117.124214', '-0.535514', '2025-07-09 20:10:37', '2025-07-09 20:10:37'),
(340, '117.124207', '-0.535516', '2025-07-09 20:10:42', '2025-07-09 20:10:42'),
(341, '117.124214', '-0.535502', '2025-07-09 20:10:48', '2025-07-09 20:10:48'),
(342, '117.124214', '-0.535502', '2025-07-09 20:10:54', '2025-07-09 20:10:54'),
(343, '117.124229', '-0.535497', '2025-07-09 20:10:59', '2025-07-09 20:10:59'),
(344, '117.124229', '-0.535498', '2025-07-09 20:11:05', '2025-07-09 20:11:05'),
(345, '117.124229', '-0.535498', '2025-07-09 20:11:10', '2025-07-09 20:11:10'),
(346, '117.124222', '-0.535505', '2025-07-09 20:11:16', '2025-07-09 20:11:16'),
(347, '117.124229', '-0.535501', '2025-07-09 20:11:22', '2025-07-09 20:11:22'),
(348, '117.124237', '-0.5355', '2025-07-09 20:11:27', '2025-07-09 20:11:27'),
(349, '117.124237', '-0.535499', '2025-07-09 20:11:33', '2025-07-09 20:11:33'),
(350, '117.124245', '-0.535497', '2025-07-09 20:11:38', '2025-07-09 20:11:38'),
(351, '117.124252', '-0.53549', '2025-07-09 20:11:44', '2025-07-09 20:11:44'),
(352, '117.12426', '-0.535482', '2025-07-09 20:11:50', '2025-07-09 20:11:50'),
(353, '117.124252', '-0.535488', '2025-07-09 20:11:55', '2025-07-09 20:11:55'),
(354, '117.124245', '-0.53549', '2025-07-09 20:12:01', '2025-07-09 20:12:01'),
(355, '117.124229', '-0.535499', '2025-07-09 20:12:07', '2025-07-09 20:12:07'),
(356, '117.124222', '-0.535501', '2025-07-09 20:12:12', '2025-07-09 20:12:12'),
(357, '117.124222', '-0.535506', '2025-07-09 20:12:18', '2025-07-09 20:12:18'),
(358, '117.124222', '-0.535511', '2025-07-09 20:12:23', '2025-07-09 20:12:23'),
(359, '117.124222', '-0.535509', '2025-07-09 20:12:29', '2025-07-09 20:12:29'),
(360, '117.124222', '-0.535506', '2025-07-09 20:12:34', '2025-07-09 20:12:34'),
(361, '117.124229', '-0.535503', '2025-07-09 20:12:40', '2025-07-09 20:12:40'),
(362, '117.124237', '-0.535502', '2025-07-09 20:12:46', '2025-07-09 20:12:46'),
(363, '117.124237', '-0.5355', '2025-07-09 20:12:51', '2025-07-09 20:12:51'),
(364, '117.12426', '-0.535483', '2025-07-09 20:12:57', '2025-07-09 20:12:57'),
(365, '117.12426', '-0.535483', '2025-07-09 20:13:03', '2025-07-09 20:13:03'),
(366, '117.124275', '-0.535471', '2025-07-09 20:13:08', '2025-07-09 20:13:08'),
(367, '117.12429', '-0.535464', '2025-07-09 20:13:14', '2025-07-09 20:13:14'),
(368, '117.12429', '-0.535464', '2025-07-09 20:13:20', '2025-07-09 20:13:20'),
(369, '117.124283', '-0.535471', '2025-07-09 20:13:25', '2025-07-09 20:13:25'),
(370, '117.124283', '-0.535474', '2025-07-09 20:13:31', '2025-07-09 20:13:31'),
(371, '117.124283', '-0.535474', '2025-07-09 20:13:37', '2025-07-09 20:13:37'),
(372, '117.124275', '-0.535476', '2025-07-09 20:13:43', '2025-07-09 20:13:43'),
(373, '117.124275', '-0.535475', '2025-07-09 20:13:49', '2025-07-09 20:13:49'),
(374, '117.124268', '-0.535477', '2025-07-09 20:13:54', '2025-07-09 20:13:54'),
(375, '117.12426', '-0.535483', '2025-07-09 20:14:00', '2025-07-09 20:14:00'),
(376, '117.124268', '-0.535485', '2025-07-09 20:14:06', '2025-07-09 20:14:06'),
(377, '117.124268', '-0.535485', '2025-07-09 20:14:11', '2025-07-09 20:14:11');

-- --------------------------------------------------------

--
-- Table structure for table `migrations`
--

CREATE TABLE `migrations` (
  `id` int UNSIGNED NOT NULL,
  `migration` varchar(255) CHARACTER SET utf8mb4 COLLATE utf8mb4_unicode_ci NOT NULL,
  `batch` int NOT NULL
) ENGINE=InnoDB DEFAULT CHARSET=utf8mb4 COLLATE=utf8mb4_unicode_ci;

--
-- Dumping data for table `migrations`
--

INSERT INTO `migrations` (`id`, `migration`, `batch`) VALUES
(1, '2014_10_12_000000_create_users_table', 1),
(2, '2014_10_12_100000_create_password_resets_table', 1),
(3, '2014_10_12_200000_add_two_factor_columns_to_users_table', 1),
(4, '2019_08_19_000000_create_failed_jobs_table', 1),
(5, '2019_12_14_000001_create_personal_access_tokens_table', 1),
(6, '2022_05_19_021700_create_categories_table', 1),
(7, '2022_05_20_152415_create_suppliers_table', 1),
(8, '2022_05_21_115535_create_products_table', 1),
(9, '2022_06_02_023929_create_carts_table', 1),
(10, '2022_06_02_083045_create_transactions_table', 1),
(11, '2022_06_02_083409_create_transaction_details_table', 1),
(12, '2022_06_05_130429_create_vehicles_table', 1),
(13, '2022_06_06_032916_create_rents_table', 1),
(14, '2022_06_08_010711_create_permission_tables', 1),
(15, '2022_06_08_025026_create_orders_table', 1);

-- --------------------------------------------------------

--
-- Table structure for table `model_has_permissions`
--

CREATE TABLE `model_has_permissions` (
  `permission_id` bigint UNSIGNED NOT NULL,
  `model_type` varchar(255) CHARACTER SET utf8mb4 COLLATE utf8mb4_unicode_ci NOT NULL,
  `model_id` bigint UNSIGNED NOT NULL
) ENGINE=InnoDB DEFAULT CHARSET=utf8mb4 COLLATE=utf8mb4_unicode_ci;

-- --------------------------------------------------------

--
-- Table structure for table `model_has_roles`
--

CREATE TABLE `model_has_roles` (
  `role_id` bigint UNSIGNED NOT NULL,
  `model_type` varchar(255) CHARACTER SET utf8mb4 COLLATE utf8mb4_unicode_ci NOT NULL,
  `model_id` bigint UNSIGNED NOT NULL
) ENGINE=InnoDB DEFAULT CHARSET=utf8mb4 COLLATE=utf8mb4_unicode_ci;

--
-- Dumping data for table `model_has_roles`
--

INSERT INTO `model_has_roles` (`role_id`, `model_type`, `model_id`) VALUES
(1, 'App\\Models\\User', 1),
(3, 'App\\Models\\User', 2),
(2, 'App\\Models\\User', 3),
(3, 'App\\Models\\User', 5),
(2, 'App\\Models\\User', 6);

-- --------------------------------------------------------

--
-- Table structure for table `orders`
--

CREATE TABLE `orders` (
  `id` bigint UNSIGNED NOT NULL,
  `user_id` bigint UNSIGNED NOT NULL,
  `name` varchar(255) CHARACTER SET utf8mb4 COLLATE utf8mb4_unicode_ci NOT NULL,
  `quantity` double NOT NULL DEFAULT '0',
  `status` varchar(255) CHARACTER SET utf8mb4 COLLATE utf8mb4_unicode_ci NOT NULL DEFAULT 'Menunggu Konfirmasi',
  `image` varchar(255) CHARACTER SET utf8mb4 COLLATE utf8mb4_unicode_ci DEFAULT NULL,
  `unit` varchar(255) CHARACTER SET utf8mb4 COLLATE utf8mb4_unicode_ci NOT NULL,
  `created_at` timestamp NULL DEFAULT NULL,
  `updated_at` timestamp NULL DEFAULT NULL
) ENGINE=InnoDB DEFAULT CHARSET=utf8mb4 COLLATE=utf8mb4_unicode_ci;

--
-- Dumping data for table `orders`
--

INSERT INTO `orders` (`id`, `user_id`, `name`, `quantity`, `status`, `image`, `unit`, `created_at`, `updated_at`) VALUES
(1, 2, 'anu', 22, 'Permintaan Diterima', 'hWjSwafi7RKiJJsrStV5dH1uDJyfxPm3CZlxQMCf.jpg', '1', '2024-06-16 05:11:34', '2024-06-16 05:12:31');

-- --------------------------------------------------------

--
-- Table structure for table `password_resets`
--

CREATE TABLE `password_resets` (
  `email` varchar(255) CHARACTER SET utf8mb4 COLLATE utf8mb4_unicode_ci NOT NULL,
  `token` varchar(255) CHARACTER SET utf8mb4 COLLATE utf8mb4_unicode_ci NOT NULL,
  `created_at` timestamp NULL DEFAULT NULL
) ENGINE=InnoDB DEFAULT CHARSET=utf8mb4 COLLATE=utf8mb4_unicode_ci;

-- --------------------------------------------------------

--
-- Table structure for table `pegawais`
--

CREATE TABLE `pegawais` (
  `id` int NOT NULL,
  `nama` varchar(255) NOT NULL,
  `nip` varchar(30) NOT NULL,
  `jabatan` varchar(255) NOT NULL,
  `created_at` varchar(255) NOT NULL,
  `updated_at` varchar(255) NOT NULL
) ENGINE=InnoDB DEFAULT CHARSET=utf8mb4 COLLATE=utf8mb4_0900_ai_ci;

--
-- Dumping data for table `pegawais`
--

INSERT INTO `pegawais` (`id`, `nama`, `nip`, `jabatan`, `created_at`, `updated_at`) VALUES
(7, 'TITIEN AQUARITA', '197304171999032007', 'Kepala Dinas', '2025-08-01 14:42:48', '2025-08-05 14:52:43'),
(8, 'HERY SOESANTO', '197005031995122002', 'Kepala Bidang Biro Perlengkapan', '2025-08-01 14:54:37', '2025-08-01 14:54:37'),
(9, 'SYAFRUDDIN', '196405231997031007', 'PEGAWAI', '2025-08-05 15:06:25', '2025-08-05 15:06:25'),
(10, 'HJ HERLINA EKA YANTI', '197205231997031001', 'PEGAWAI', '2025-08-05 15:12:55', '2025-08-05 15:12:55'),
(11, 'NASRUL', '197206251998031009', 'KASUBBAG UMUM', '2025-08-05 15:20:51', '2025-08-05 15:20:51'),
(12, 'MUHIDIN NOOR', '198306251998031006', 'PEGAWAI', '2025-08-05 15:26:45', '2025-08-05 15:26:45'),
(13, 'MUHAMMAD SYAHRUL', '197106251994031009', 'PEGAWAI', '2025-08-05 15:32:36', '2025-08-05 15:32:36'),
(14, 'GUNAWAN WIBISONO', '197005031995122002', 'PEGAWAI', '2025-08-05 17:52:34', '2025-08-05 17:52:34'),
(15, 'SAMSUL RIZAL', '197905031995121007', 'PEGAWAI', '2025-08-05 17:57:12', '2025-08-05 17:57:12'),
(16, 'SYAIFUL ANWAR', '197305031995121007', 'PEGAWAI', '2025-08-05 18:02:48', '2025-08-05 18:02:48');

-- --------------------------------------------------------

--
-- Table structure for table `permissions`
--

CREATE TABLE `permissions` (
  `id` bigint UNSIGNED NOT NULL,
  `name` varchar(255) CHARACTER SET utf8mb4 COLLATE utf8mb4_unicode_ci NOT NULL,
  `guard_name` varchar(255) CHARACTER SET utf8mb4 COLLATE utf8mb4_unicode_ci NOT NULL,
  `created_at` timestamp NULL DEFAULT NULL,
  `updated_at` timestamp NULL DEFAULT NULL
) ENGINE=InnoDB DEFAULT CHARSET=utf8mb4 COLLATE=utf8mb4_unicode_ci;

--
-- Dumping data for table `permissions`
--

INSERT INTO `permissions` (`id`, `name`, `guard_name`, `created_at`, `updated_at`) VALUES
(1, 'index-dashboard', 'web', '2024-06-16 04:49:59', '2024-06-16 04:49:59'),
(2, 'index-product', 'web', '2024-06-16 04:49:59', '2024-06-16 04:49:59'),
(3, 'create-product', 'web', '2024-06-16 04:49:59', '2024-06-16 04:49:59'),
(4, 'delete-product', 'web', '2024-06-16 04:49:59', '2024-06-16 04:49:59'),
(5, 'update-product', 'web', '2024-06-16 04:49:59', '2024-06-16 04:49:59'),
(6, 'index-category', 'web', '2024-06-16 04:49:59', '2024-06-16 04:49:59'),
(7, 'create-category', 'web', '2024-06-16 04:49:59', '2024-06-16 04:49:59'),
(8, 'delete-category', 'web', '2024-06-16 04:49:59', '2024-06-16 04:49:59'),
(9, 'update-category', 'web', '2024-06-16 04:49:59', '2024-06-16 04:49:59'),
(10, 'index-kendaraan', 'web', '2024-06-16 04:50:00', '2024-06-16 07:53:15'),
(11, 'create-kendaraan', 'web', '2024-06-16 04:50:00', '2024-06-17 01:42:05'),
(12, 'delete-kendaraan', 'web', '2024-06-16 04:50:00', '2024-06-17 01:41:38'),
(13, 'update-kendaraan', 'web', '2024-06-16 04:50:00', '2024-06-17 01:42:12'),
(14, 'index-vehicle', 'web', '2024-06-16 04:50:00', '2024-06-16 04:50:00'),
(15, 'create-vehicle', 'web', '2024-06-16 04:50:00', '2024-06-16 04:50:00'),
(16, 'delete-vehicle', 'web', '2024-06-16 04:50:00', '2024-06-16 04:50:00'),
(17, 'update-vehicle', 'web', '2024-06-16 04:50:00', '2024-06-16 04:50:00'),
(18, 'index-stock', 'web', '2024-06-16 04:50:00', '2024-06-16 04:50:00'),
(19, 'create-stock', 'web', '2024-06-16 04:50:00', '2024-06-16 04:50:00'),
(20, 'index-permission', 'web', '2024-06-16 04:50:00', '2024-06-16 04:50:00'),
(21, 'create-permission', 'web', '2024-06-16 04:50:00', '2024-06-16 04:50:00'),
(22, 'delete-permission', 'web', '2024-06-16 04:50:00', '2024-06-16 04:50:00'),
(23, 'update-permission', 'web', '2024-06-16 04:50:00', '2024-06-16 04:50:00'),
(24, 'index-role', 'web', '2024-06-16 04:50:00', '2024-06-16 04:50:00'),
(25, 'create-role', 'web', '2024-06-16 04:50:00', '2024-06-16 04:50:00'),
(26, 'delete-role', 'web', '2024-06-16 04:50:00', '2024-06-16 04:50:00'),
(27, 'update-role', 'web', '2024-06-16 04:50:00', '2024-06-16 04:50:00'),
(28, 'index-user', 'web', '2024-06-16 04:50:00', '2024-06-16 04:50:00'),
(29, 'create-user', 'web', '2024-06-16 04:50:00', '2024-06-16 04:50:00'),
(30, 'delete-user', 'web', '2024-06-16 04:50:00', '2024-06-16 04:50:00'),
(31, 'update-user', 'web', '2024-06-16 04:50:00', '2024-06-16 04:50:00'),
(32, 'index-order', 'web', '2024-06-16 04:50:00', '2024-06-16 04:50:00'),
(33, 'create-order', 'web', '2024-06-16 04:50:00', '2024-06-16 04:50:00'),
(34, 'index-rent', 'web', '2024-06-16 04:50:00', '2024-06-16 04:50:00'),
(35, 'create-rent', 'web', '2024-06-16 04:50:00', '2024-06-16 04:50:00'),
(36, 'index-transaction', 'web', '2024-06-16 04:50:00', '2024-06-16 04:50:00'),
(37, 'create-transaction', 'web', '2024-06-16 04:50:00', '2024-06-16 04:50:00'),
(38, 'index-supplier', 'web', '2024-06-17 02:28:40', '2024-06-17 02:28:40'),
(39, 'create-supplier', 'web', '2024-06-17 02:28:50', '2024-06-17 02:28:50'),
(40, 'delete-supplier', 'web', '2024-06-17 02:28:56', '2024-06-17 02:28:56'),
(41, 'update-supplier', 'web', '2024-06-17 02:29:07', '2024-06-17 02:29:07'),
(42, 'index-inventaris', 'web', '2024-06-17 03:14:12', '2024-06-17 03:14:12'),
(43, 'create-inventaris', 'web', '2024-06-17 03:14:16', '2024-06-17 03:14:16'),
(44, 'update-inventaris', 'web', '2024-06-17 03:14:22', '2024-06-17 03:14:22'),
(45, 'delete-inventaris', 'web', '2024-06-17 03:14:27', '2024-06-17 03:14:27');

-- --------------------------------------------------------

--
-- Table structure for table `personal_access_tokens`
--

CREATE TABLE `personal_access_tokens` (
  `id` bigint UNSIGNED NOT NULL,
  `tokenable_type` varchar(255) CHARACTER SET utf8mb4 COLLATE utf8mb4_unicode_ci NOT NULL,
  `tokenable_id` bigint UNSIGNED NOT NULL,
  `name` varchar(255) CHARACTER SET utf8mb4 COLLATE utf8mb4_unicode_ci NOT NULL,
  `token` varchar(64) CHARACTER SET utf8mb4 COLLATE utf8mb4_unicode_ci NOT NULL,
  `abilities` text CHARACTER SET utf8mb4 COLLATE utf8mb4_unicode_ci,
  `last_used_at` timestamp NULL DEFAULT NULL,
  `created_at` timestamp NULL DEFAULT NULL,
  `updated_at` timestamp NULL DEFAULT NULL
) ENGINE=InnoDB DEFAULT CHARSET=utf8mb4 COLLATE=utf8mb4_unicode_ci;

-- --------------------------------------------------------

--
-- Table structure for table `products`
--

CREATE TABLE `products` (
  `id` bigint UNSIGNED NOT NULL,
  `category_id` bigint UNSIGNED NOT NULL,
  `supplier_id` bigint UNSIGNED NOT NULL,
  `name` varchar(255) CHARACTER SET utf8mb4 COLLATE utf8mb4_unicode_ci NOT NULL,
  `slug` varchar(255) CHARACTER SET utf8mb4 COLLATE utf8mb4_unicode_ci NOT NULL,
  `description` text CHARACTER SET utf8mb4 COLLATE utf8mb4_unicode_ci NOT NULL,
  `quantity` double NOT NULL DEFAULT '0',
  `image` varchar(255) CHARACTER SET utf8mb4 COLLATE utf8mb4_unicode_ci NOT NULL,
  `unit` varchar(255) CHARACTER SET utf8mb4 COLLATE utf8mb4_unicode_ci NOT NULL,
  `created_at` timestamp NULL DEFAULT NULL,
  `updated_at` timestamp NULL DEFAULT NULL
) ENGINE=InnoDB DEFAULT CHARSET=utf8mb4 COLLATE=utf8mb4_unicode_ci;

--
-- Dumping data for table `products`
--

INSERT INTO `products` (`id`, `category_id`, `supplier_id`, `name`, `slug`, `description`, `quantity`, `image`, `unit`, `created_at`, `updated_at`) VALUES
(1, 1, 1, 'wad', 'wad', 'adwwd', 110, 'KesMaKdIkx5MvEE7vUwijwdKJLPTUIptUo0OM0W6.jpg', 'dawd', '2024-06-16 05:09:06', '2024-06-16 07:48:36');

-- --------------------------------------------------------

--
-- Table structure for table `rents`
--

CREATE TABLE `rents` (
  `id` bigint UNSIGNED NOT NULL,
  `user_id` bigint UNSIGNED NOT NULL,
  `vehicle_id` bigint UNSIGNED NOT NULL,
  `requirement` text CHARACTER SET utf8mb4 COLLATE utf8mb4_unicode_ci NOT NULL,
  `start_date` datetime NOT NULL,
  `end_date` datetime DEFAULT NULL,
  `status` varchar(255) CHARACTER SET utf8mb4 COLLATE utf8mb4_unicode_ci NOT NULL DEFAULT 'Kendaraan Sedang Digunakan',
  `created_at` timestamp NULL DEFAULT NULL,
  `updated_at` timestamp NULL DEFAULT NULL
) ENGINE=InnoDB DEFAULT CHARSET=utf8mb4 COLLATE=utf8mb4_unicode_ci;

-- --------------------------------------------------------

--
-- Table structure for table `roles`
--

CREATE TABLE `roles` (
  `id` bigint UNSIGNED NOT NULL,
  `name` varchar(255) CHARACTER SET utf8mb4 COLLATE utf8mb4_unicode_ci NOT NULL,
  `guard_name` varchar(255) CHARACTER SET utf8mb4 COLLATE utf8mb4_unicode_ci NOT NULL,
  `created_at` timestamp NULL DEFAULT NULL,
  `updated_at` timestamp NULL DEFAULT NULL
) ENGINE=InnoDB DEFAULT CHARSET=utf8mb4 COLLATE=utf8mb4_unicode_ci;

--
-- Dumping data for table `roles`
--

INSERT INTO `roles` (`id`, `name`, `guard_name`, `created_at`, `updated_at`) VALUES
(1, 'Super Admin', 'web', '2024-06-16 04:50:00', '2024-06-16 04:50:00'),
(2, 'User', 'web', '2024-06-16 04:50:00', '2025-07-29 06:32:12'),
(3, 'Admin', 'web', '2024-06-16 06:12:06', '2024-06-16 06:12:06');

-- --------------------------------------------------------

--
-- Table structure for table `role_has_permissions`
--

CREATE TABLE `role_has_permissions` (
  `permission_id` bigint UNSIGNED NOT NULL,
  `role_id` bigint UNSIGNED NOT NULL
) ENGINE=InnoDB DEFAULT CHARSET=utf8mb4 COLLATE=utf8mb4_unicode_ci;

--
-- Dumping data for table `role_has_permissions`
--

INSERT INTO `role_has_permissions` (`permission_id`, `role_id`) VALUES
(1, 1),
(2, 1),
(3, 1),
(4, 1),
(5, 1),
(6, 1),
(7, 1),
(8, 1),
(9, 1),
(10, 1),
(11, 1),
(12, 1),
(13, 1),
(14, 1),
(15, 1),
(16, 1),
(17, 1),
(18, 1),
(19, 1),
(20, 1),
(21, 1),
(22, 1),
(23, 1),
(24, 1),
(25, 1),
(26, 1),
(27, 1),
(28, 1),
(29, 1),
(30, 1),
(31, 1),
(32, 1),
(33, 1),
(34, 1),
(35, 1),
(36, 1),
(37, 1),
(38, 1),
(39, 1),
(40, 1),
(41, 1),
(42, 1),
(43, 1),
(44, 1),
(45, 1),
(32, 2),
(33, 2),
(34, 2),
(35, 2),
(36, 2),
(37, 2),
(1, 3),
(2, 3),
(3, 3),
(4, 3),
(5, 3),
(6, 3),
(7, 3),
(8, 3),
(9, 3),
(10, 3),
(11, 3),
(12, 3),
(13, 3),
(14, 3),
(15, 3),
(16, 3),
(17, 3),
(18, 3),
(19, 3),
(28, 3),
(29, 3),
(30, 3),
(31, 3),
(32, 3),
(33, 3),
(34, 3),
(35, 3),
(36, 3),
(37, 3),
(38, 3),
(39, 3),
(40, 3),
(41, 3),
(42, 3),
(43, 3),
(44, 3),
(45, 3);

-- --------------------------------------------------------

--
-- Table structure for table `suppliers`
--

CREATE TABLE `suppliers` (
  `id` bigint UNSIGNED NOT NULL,
  `name` varchar(255) CHARACTER SET utf8mb4 COLLATE utf8mb4_unicode_ci NOT NULL,
  `telp` varchar(255) CHARACTER SET utf8mb4 COLLATE utf8mb4_unicode_ci NOT NULL,
  `address` varchar(255) CHARACTER SET utf8mb4 COLLATE utf8mb4_unicode_ci NOT NULL,
  `created_at` timestamp NULL DEFAULT NULL,
  `updated_at` timestamp NULL DEFAULT NULL
) ENGINE=InnoDB DEFAULT CHARSET=utf8mb4 COLLATE=utf8mb4_unicode_ci;

--
-- Dumping data for table `suppliers`
--

INSERT INTO `suppliers` (`id`, `name`, `telp`, `address`, `created_at`, `updated_at`) VALUES
(1, 'adwawdaawdad', '929922214', 'awddawadw', '2024-06-16 05:00:41', '2024-06-16 10:16:02'),
(3, 'dwa', '412', 'dwa', '2024-06-17 02:10:27', '2024-06-17 02:10:27');

-- --------------------------------------------------------

--
-- Table structure for table `transactions`
--

CREATE TABLE `transactions` (
  `id` bigint UNSIGNED NOT NULL,
  `user_id` bigint UNSIGNED NOT NULL,
  `invoice` varchar(255) CHARACTER SET utf8mb4 COLLATE utf8mb4_unicode_ci NOT NULL,
  `created_at` timestamp NULL DEFAULT NULL,
  `updated_at` timestamp NULL DEFAULT NULL
) ENGINE=InnoDB DEFAULT CHARSET=utf8mb4 COLLATE=utf8mb4_unicode_ci;

--
-- Dumping data for table `transactions`
--

INSERT INTO `transactions` (`id`, `user_id`, `invoice`, `created_at`, `updated_at`) VALUES
(1, 1, 'INV-429I8674', '2024-06-16 07:48:36', '2024-06-16 07:48:36');

-- --------------------------------------------------------

--
-- Table structure for table `transaction_details`
--

CREATE TABLE `transaction_details` (
  `id` bigint UNSIGNED NOT NULL,
  `transaction_id` bigint UNSIGNED NOT NULL,
  `product_id` bigint UNSIGNED NOT NULL,
  `quantity` double NOT NULL,
  `created_at` timestamp NULL DEFAULT NULL,
  `updated_at` timestamp NULL DEFAULT NULL
) ENGINE=InnoDB DEFAULT CHARSET=utf8mb4 COLLATE=utf8mb4_unicode_ci;

--
-- Dumping data for table `transaction_details`
--

INSERT INTO `transaction_details` (`id`, `transaction_id`, `product_id`, `quantity`, `created_at`, `updated_at`) VALUES
(1, 1, 1, 1, '2024-06-16 07:48:36', '2024-06-16 07:48:36');

-- --------------------------------------------------------

--
-- Table structure for table `users`
--

CREATE TABLE `users` (
  `id` bigint UNSIGNED NOT NULL,
  `name` varchar(255) CHARACTER SET utf8mb4 COLLATE utf8mb4_unicode_ci NOT NULL,
  `email` varchar(255) CHARACTER SET utf8mb4 COLLATE utf8mb4_unicode_ci NOT NULL,
  `notelp` varchar(13) CHARACTER SET utf8mb4 COLLATE utf8mb4_unicode_ci NOT NULL,
  `email_verified_at` timestamp NULL DEFAULT NULL,
  `password` varchar(255) CHARACTER SET utf8mb4 COLLATE utf8mb4_unicode_ci NOT NULL,
  `two_factor_secret` text CHARACTER SET utf8mb4 COLLATE utf8mb4_unicode_ci,
  `two_factor_recovery_codes` text CHARACTER SET utf8mb4 COLLATE utf8mb4_unicode_ci,
  `two_factor_confirmed_at` timestamp NULL DEFAULT NULL,
  `avatar` varchar(255) CHARACTER SET utf8mb4 COLLATE utf8mb4_unicode_ci DEFAULT NULL,
  `remember_token` varchar(100) CHARACTER SET utf8mb4 COLLATE utf8mb4_unicode_ci DEFAULT NULL,
  `created_at` timestamp NULL DEFAULT NULL,
  `updated_at` timestamp NULL DEFAULT NULL
) ENGINE=InnoDB DEFAULT CHARSET=utf8mb4 COLLATE=utf8mb4_unicode_ci;

--
-- Dumping data for table `users`
--

INSERT INTO `users` (`id`, `name`, `email`, `notelp`, `email_verified_at`, `password`, `two_factor_secret`, `two_factor_recovery_codes`, `two_factor_confirmed_at`, `avatar`, `remember_token`, `created_at`, `updated_at`) VALUES
(1, 'Admin', 'admin@gmail.com', '', NULL, '$2y$10$ea2vv7uvvX.wmJdCdspQauXj7/Jdcgv82BV/yd7fgj0Nk2WOkNmOa', NULL, NULL, NULL, 'jMDP6fFBjjcokvpNyXXWDJ2eOnm4ypvnApD3Lmuv.jpg', NULL, '2024-06-16 04:50:01', '2024-06-17 18:00:05'),
(2, 'opi', 'opi@gmail.com', '085752924301', NULL, '$2y$10$bR/qHK0I5ukqzM4Drm4aGeANYpdifs5dQoJwn63KwOGHPru0qu1tS', NULL, NULL, NULL, 'rmE6FtpuPURL6USYLxapUuPhlCwOWXOqPlljVd6M.png', NULL, '2024-06-16 05:11:06', '2024-06-17 18:31:25'),
(3, 'user', 'user@gmail.com', '', NULL, '$2y$10$HJMqWfVJvJ9sVOADtbVhAefiRFTVWFtzNNLtcY0J/ca5MI14vybJ6', NULL, NULL, NULL, 'RyOjNJHJYlO1XEqPjmhIfbbCJMQxVryx55ThQOQY.jpg', NULL, '2024-06-16 07:27:33', '2024-06-17 18:00:38'),
(5, 'stevania', 'stevania@gmail.com', '', NULL, '$2y$10$ZVTUalqQm8C/XhI/rhoA8eRmK7Smg5vSZkGDcgZhZX2vwR1GYadfK', NULL, NULL, NULL, NULL, NULL, '2024-06-17 07:16:49', '2024-06-17 07:16:49'),
(6, 'test', 'test@gmail.com', '08728178282', NULL, '$2y$10$OWPymg7MBGKLIohMVDldiOcjJI.FunmAGO51vWiWhE/UfemLH.TZ6', NULL, NULL, NULL, 'lmdMmE17gqLHMmdYZffGIDKkflbf1VSVYxgw7m9q.jpg', NULL, '2024-06-17 18:32:09', '2024-06-17 18:32:22');

-- --------------------------------------------------------

--
-- Table structure for table `vehicles`
--

CREATE TABLE `vehicles` (
  `id` bigint UNSIGNED NOT NULL,
  `kode_barang` varchar(255) CHARACTER SET utf8mb4 COLLATE utf8mb4_unicode_ci NOT NULL,
  `nup` int NOT NULL,
  `jenis_barang` varchar(255) CHARACTER SET utf8mb4 COLLATE utf8mb4_unicode_ci NOT NULL,
  `merk` varchar(255) CHARACTER SET utf8mb4 COLLATE utf8mb4_unicode_ci NOT NULL,
  `id_kategori` int NOT NULL,
  `nopol` varchar(255) CHARACTER SET utf8mb4 COLLATE utf8mb4_unicode_ci NOT NULL,
  `norang` varchar(255) CHARACTER SET utf8mb4 COLLATE utf8mb4_unicode_ci NOT NULL,
  `nomes` varchar(255) CHARACTER SET utf8mb4 COLLATE utf8mb4_unicode_ci NOT NULL,
  `tahun_pembuatan` int NOT NULL,
  `bpkb` varchar(255) CHARACTER SET utf8mb4 COLLATE utf8mb4_unicode_ci NOT NULL,
  `pajak` varchar(255) CHARACTER SET utf8mb4 COLLATE utf8mb4_unicode_ci NOT NULL,
  `kondisi` varchar(255) CHARACTER SET utf8mb4 COLLATE utf8mb4_unicode_ci NOT NULL,
  `keterangan` varchar(255) CHARACTER SET utf8mb4 COLLATE utf8mb4_unicode_ci NOT NULL,
  `created_at` timestamp NULL DEFAULT NULL,
  `updated_at` timestamp NULL DEFAULT NULL
) ENGINE=InnoDB DEFAULT CHARSET=utf8mb4 COLLATE=utf8mb4_unicode_ci;

--
-- Dumping data for table `vehicles`
--

INSERT INTO `vehicles` (`id`, `kode_barang`, `nup`, `jenis_barang`, `merk`, `id_kategori`, `nopol`, `norang`, `nomes`, `tahun_pembuatan`, `bpkb`, `pajak`, `kondisi`, `keterangan`, `created_at`, `updated_at`) VALUES
(6, '3.02.01.05.058', 1, 'Mobil Operasional PJR', 'Nisan X-Trail 2.02      WD MT', 1, 'KT. 1895 BZ', 'MHBF2CG3FCJ-006468', 'MR20-0200996R', 2012, 'I-009462331', '25 April 2022', 'Baik', 'BPKB, STNK Lengkap', '2024-06-17 06:12:37', '2024-06-17 06:12:37'),
(9, '3.02.01.02.003', 7, 'Mini Bus (Penumpang 14 Org kebawah)', 'Toyota Kijang Innova G', 1, 'KT. 1850 MZ', 'MHFXW42G562080315', '1 TR-6330653', 2006, 'E 3676132 N', '8 Febuari 2022', 'Baik', 'BPKB, STNK Lengkap', '2024-06-17 16:32:36', '2024-06-17 16:36:06'),
(21, '02.03.01.05.001', 16, 'Sepeda Motor', 'Honda ACB2J22B03 AT/SPD', 3, 'KT 5409 MZ', 'MH1JFK115EK203239', 'JFK1E-1203304', 2014, 'L 05950570 N', '20 FEBRUARI 2027', 'Baik', 'BPKB, STNK Lengkap', '2025-08-01 06:49:26', '2025-08-01 06:49:26'),
(22, '02.03.01.05.001', 11, 'Sepeda Motor', 'YAMAHA 30C JUPITER Z', 3, 'KT 3206 M', 'MH-030C0029J583733', '30C-583732', 2009, '-', '13 MARET 2029', 'Baik', 'STNK', '2025-08-05 07:01:44', '2025-08-05 07:01:44'),
(23, '02.03.01.05.001', 19, 'Sepeda Motor', 'HONDA AC82J22B05', 3, 'KT 6410 MZ', 'MH1JFK116EK288785', 'JFK1E-1287776', 2014, 'L 05990580 N', '17 AGUSTUS  2026', 'Baik', 'STNK, BPKB LENGKAP', '2025-08-05 07:10:31', '2025-08-05 07:10:31'),
(24, '02.03.01.06.001', 6, 'Sepeda Motor', 'HONDA NF125', 3, 'KT 4506 MZ', 'MH1JB91188K216573', 'J561E-1215034', 2008, '-', '15 SEPTEMBER 2028', 'Baik', 'STNK, BPKB LENGKAP', '2025-08-05 07:17:17', '2025-08-05 07:17:17'),
(25, '02.03.01.05.001', 21, 'Sepeda Motor', 'HONDA ACB2J22B03', 3, 'KT 4330 MZ', 'MH1JFK110EK275402', 'JFK1E-1275405', 2014, 'L 059905678 N', '12 APRIL 2029', 'Baik', 'STNK, BPKB LENGKAP', '2025-08-05 07:24:59', '2025-08-05 07:24:59'),
(26, '02.03.01.06.001', 14, 'Sepeda Motor', 'HONDA NF 125', 3, 'KT 4503 MZ', 'MH1JB91178K350336', 'J5915-1366185', 2008, 'F 9994661 N', '20 SEPTEMBER 2025', 'Baik', 'STNK, BPKB LENGKAP', '2025-08-05 07:29:47', '2025-08-05 07:29:47'),
(27, '02.03.01.05.001', 9, 'Sepeda Motor', 'YAMAHA 250 JUPITER MX', 3, 'KT 3650 B', 'MH-01400069K602B06', '14D-602821', 2009, 'F N04042782 N', '6 Febuari 2029', 'Baik', 'STNK, BPKB LENGKAP', '2025-08-05 07:36:09', '2025-08-05 07:36:09'),
(28, '02.03.01.05.001', 10, 'Sepeda Motor', 'YAMAHA 3C1', 3, 'KT 3218 MZ', 'MH33C10056K7577082', '3C1-758164', 2011, '-', '24 November 2029', 'Baik', 'BPKB, STNK Lengkap', '2025-08-05 09:55:50', '2025-08-05 09:55:50'),
(29, '02.03.01.06.001', 20, 'Sepeda Motor', 'HONDA ACEB2J22BB03', 3, 'KT 8411 MZ', 'MH1JFK11XEK228437', 'JFK1E-1225527', 2014, 'L 00990577 N', '30 JANUARI 2026', 'Baik', 'STNK, BPKB LENGKAP', '2025-08-05 10:01:31', '2025-08-05 10:01:31'),
(30, '02.03.01.05.001', 1, 'Sepeda Motor', 'HONDA NC11A30', 3, 'KT 3128 MZ', 'MH1JF9118EK626007', 'JFK1E-1618340', 2011, 'I 0734758E N', '11 NOVEMBER 2027', 'Baik', 'BPKB, STNK Lengkap', '2025-08-05 10:06:27', '2025-08-05 10:06:27');

-- --------------------------------------------------------

--
-- Table structure for table `vehicle_images`
--

CREATE TABLE `vehicle_images` (
  `id` int NOT NULL,
  `vehicle_id` int NOT NULL,
  `image_path` varchar(255) NOT NULL,
  `updated_at` varchar(255) NOT NULL,
  `created_at` varchar(255) NOT NULL
) ENGINE=InnoDB DEFAULT CHARSET=utf8mb4 COLLATE=utf8mb4_0900_ai_ci;

--
-- Dumping data for table `vehicle_images`
--

INSERT INTO `vehicle_images` (`id`, `vehicle_id`, `image_path`, `updated_at`, `created_at`) VALUES
(1, 19, 'lUcvmXvVZ97dcVgsPpUwSDOpzHnaco2f3tEDXQfl.jpg', '2024-06-18 01:40:05', '2024-06-18 01:40:05'),
(2, 19, 'O0cqy48L3bptiW632cZ0UEV0XuyW1pD6A78Vo2i3.png', '2024-06-18 01:40:05', '2024-06-18 01:40:05'),
(3, 19, 'q3ig1qHMGrsXQhPNj9KTUFiIPIvM3NTff3YamqQl.png', '2024-06-18 01:40:05', '2024-06-18 01:40:05'),
(4, 19, '87fLZu26QO66FUk6lFLBxpXNcOnLkHquoX4fPp7B.png', '2024-06-18 01:40:06', '2024-06-18 01:40:06'),
(5, 19, 'G8M4ErTdicgc5dzmGUNsnUBOjcYET02XH1zkpNgh.png', '2024-06-18 01:40:06', '2024-06-18 01:40:06'),
(6, 19, 'JYtmByRjflMK86yolJMXgJtTh32dSAqGKSwD1xuj.png', '2024-06-18 01:40:06', '2024-06-18 01:40:06'),
(7, 19, 'sgsE5YawaGOviCOeNmnsTebeBNbqwpq8Vosdb9LW.png', '2024-06-18 01:40:06', '2024-06-18 01:40:06'),
(8, 19, '5BqIq52e11TWIAahvrwYjj45S5vzWsqJtKtawhNJ.jpg', '2024-06-18 01:40:06', '2024-06-18 01:40:06'),
(9, 20, 'ku10zryVL5z4KGKQiOHAFkAqVPRvxyRbvcGjcwVK.jpg', '2024-06-18 01:41:10', '2024-06-18 01:41:10'),
(10, 20, 'aI6pfHG2wRFUK9ecJH03VZDaUIEQR2yRAIvuwDWu.png', '2024-06-18 01:41:10', '2024-06-18 01:41:10'),
(11, 20, '1vCvm6aThD5jYd4Tnc2w32Ea4zScuvCXIvaCDdhY.png', '2024-06-18 01:41:10', '2024-06-18 01:41:10'),
(12, 20, '19ExysQSERuwH35DIX1lcNVGAfvGLx4qmo9hATIb.png', '2024-06-18 01:41:10', '2024-06-18 01:41:10'),
(13, 20, 'b20LFKokD2WRqjqliGgfIXRqRcJ9y1VN2IFtoF6z.png', '2024-06-18 01:41:10', '2024-06-18 01:41:10'),
(14, 20, 'dEXnExxGfrbL6rRKLa6Ph5PSmhvIUFJSldKWaUBV.png', '2024-06-18 01:41:10', '2024-06-18 01:41:10'),
(15, 20, 'pC9tBQZfWnSVaXoACgQW5WPs5tU3FmhM47wFWAjF.png', '2024-06-18 01:41:10', '2024-06-18 01:41:10'),
(16, 20, 'bPROz21Jv9tKjkilgPyJcN3KR8ueZTboj4oPYSCi.jpg', '2024-06-18 01:41:10', '2024-06-18 01:41:10');

--
-- Indexes for dumped tables
--

--
-- Indexes for table `carts`
--
ALTER TABLE `carts`
  ADD PRIMARY KEY (`id`),
  ADD KEY `carts_user_id_foreign` (`user_id`),
  ADD KEY `carts_product_id_foreign` (`product_id`);

--
-- Indexes for table `categories`
--
ALTER TABLE `categories`
  ADD PRIMARY KEY (`id`);

--
-- Indexes for table `failed_jobs`
--
ALTER TABLE `failed_jobs`
  ADD PRIMARY KEY (`id`),
  ADD UNIQUE KEY `failed_jobs_uuid_unique` (`uuid`);

--
-- Indexes for table `inventaris`
--
ALTER TABLE `inventaris`
  ADD PRIMARY KEY (`id`),
  ADD KEY `id_barang` (`id_barang`),
  ADD KEY `id_pegawai` (`id_pegawai`);

--
-- Indexes for table `location`
--
ALTER TABLE `location`
  ADD PRIMARY KEY (`id`);

--
-- Indexes for table `migrations`
--
ALTER TABLE `migrations`
  ADD PRIMARY KEY (`id`);

--
-- Indexes for table `model_has_permissions`
--
ALTER TABLE `model_has_permissions`
  ADD PRIMARY KEY (`permission_id`,`model_id`,`model_type`),
  ADD KEY `model_has_permissions_model_id_model_type_index` (`model_id`,`model_type`);

--
-- Indexes for table `model_has_roles`
--
ALTER TABLE `model_has_roles`
  ADD PRIMARY KEY (`role_id`,`model_id`,`model_type`),
  ADD KEY `model_has_roles_model_id_model_type_index` (`model_id`,`model_type`);

--
-- Indexes for table `orders`
--
ALTER TABLE `orders`
  ADD PRIMARY KEY (`id`),
  ADD KEY `orders_user_id_foreign` (`user_id`);

--
-- Indexes for table `password_resets`
--
ALTER TABLE `password_resets`
  ADD KEY `password_resets_email_index` (`email`);

--
-- Indexes for table `pegawais`
--
ALTER TABLE `pegawais`
  ADD PRIMARY KEY (`id`);

--
-- Indexes for table `permissions`
--
ALTER TABLE `permissions`
  ADD PRIMARY KEY (`id`),
  ADD UNIQUE KEY `permissions_name_guard_name_unique` (`name`,`guard_name`);

--
-- Indexes for table `personal_access_tokens`
--
ALTER TABLE `personal_access_tokens`
  ADD PRIMARY KEY (`id`),
  ADD UNIQUE KEY `personal_access_tokens_token_unique` (`token`),
  ADD KEY `personal_access_tokens_tokenable_type_tokenable_id_index` (`tokenable_type`,`tokenable_id`);

--
-- Indexes for table `products`
--
ALTER TABLE `products`
  ADD PRIMARY KEY (`id`),
  ADD KEY `products_category_id_foreign` (`category_id`),
  ADD KEY `products_supplier_id_foreign` (`supplier_id`);

--
-- Indexes for table `rents`
--
ALTER TABLE `rents`
  ADD PRIMARY KEY (`id`),
  ADD KEY `rents_user_id_foreign` (`user_id`),
  ADD KEY `rents_vehicle_id_foreign` (`vehicle_id`);

--
-- Indexes for table `roles`
--
ALTER TABLE `roles`
  ADD PRIMARY KEY (`id`),
  ADD UNIQUE KEY `roles_name_guard_name_unique` (`name`,`guard_name`);

--
-- Indexes for table `role_has_permissions`
--
ALTER TABLE `role_has_permissions`
  ADD PRIMARY KEY (`permission_id`,`role_id`),
  ADD KEY `role_has_permissions_role_id_foreign` (`role_id`);

--
-- Indexes for table `suppliers`
--
ALTER TABLE `suppliers`
  ADD PRIMARY KEY (`id`);

--
-- Indexes for table `transactions`
--
ALTER TABLE `transactions`
  ADD PRIMARY KEY (`id`),
  ADD KEY `transactions_user_id_foreign` (`user_id`);

--
-- Indexes for table `transaction_details`
--
ALTER TABLE `transaction_details`
  ADD PRIMARY KEY (`id`),
  ADD KEY `transaction_details_transaction_id_foreign` (`transaction_id`),
  ADD KEY `transaction_details_product_id_foreign` (`product_id`);

--
-- Indexes for table `users`
--
ALTER TABLE `users`
  ADD PRIMARY KEY (`id`),
  ADD UNIQUE KEY `users_email_unique` (`email`);

--
-- Indexes for table `vehicles`
--
ALTER TABLE `vehicles`
  ADD PRIMARY KEY (`id`),
  ADD KEY `id_kategori` (`id_kategori`);

--
-- Indexes for table `vehicle_images`
--
ALTER TABLE `vehicle_images`
  ADD PRIMARY KEY (`id`),
  ADD KEY `vehicle_id` (`vehicle_id`);

--
-- AUTO_INCREMENT for dumped tables
--

--
-- AUTO_INCREMENT for table `carts`
--
ALTER TABLE `carts`
  MODIFY `id` bigint UNSIGNED NOT NULL AUTO_INCREMENT, AUTO_INCREMENT=2;

--
-- AUTO_INCREMENT for table `categories`
--
ALTER TABLE `categories`
  MODIFY `id` bigint UNSIGNED NOT NULL AUTO_INCREMENT, AUTO_INCREMENT=6;

--
-- AUTO_INCREMENT for table `failed_jobs`
--
ALTER TABLE `failed_jobs`
  MODIFY `id` bigint UNSIGNED NOT NULL AUTO_INCREMENT;

--
-- AUTO_INCREMENT for table `inventaris`
--
ALTER TABLE `inventaris`
  MODIFY `id` int NOT NULL AUTO_INCREMENT, AUTO_INCREMENT=17;

--
-- AUTO_INCREMENT for table `location`
--
ALTER TABLE `location`
  MODIFY `id` int NOT NULL AUTO_INCREMENT, AUTO_INCREMENT=378;

--
-- AUTO_INCREMENT for table `migrations`
--
ALTER TABLE `migrations`
  MODIFY `id` int UNSIGNED NOT NULL AUTO_INCREMENT, AUTO_INCREMENT=16;

--
-- AUTO_INCREMENT for table `orders`
--
ALTER TABLE `orders`
  MODIFY `id` bigint UNSIGNED NOT NULL AUTO_INCREMENT, AUTO_INCREMENT=2;

--
-- AUTO_INCREMENT for table `pegawais`
--
ALTER TABLE `pegawais`
  MODIFY `id` int NOT NULL AUTO_INCREMENT, AUTO_INCREMENT=17;

--
-- AUTO_INCREMENT for table `permissions`
--
ALTER TABLE `permissions`
  MODIFY `id` bigint UNSIGNED NOT NULL AUTO_INCREMENT, AUTO_INCREMENT=46;

--
-- AUTO_INCREMENT for table `personal_access_tokens`
--
ALTER TABLE `personal_access_tokens`
  MODIFY `id` bigint UNSIGNED NOT NULL AUTO_INCREMENT;

--
-- AUTO_INCREMENT for table `products`
--
ALTER TABLE `products`
  MODIFY `id` bigint UNSIGNED NOT NULL AUTO_INCREMENT, AUTO_INCREMENT=2;

--
-- AUTO_INCREMENT for table `rents`
--
ALTER TABLE `rents`
  MODIFY `id` bigint UNSIGNED NOT NULL AUTO_INCREMENT;

--
-- AUTO_INCREMENT for table `roles`
--
ALTER TABLE `roles`
  MODIFY `id` bigint UNSIGNED NOT NULL AUTO_INCREMENT, AUTO_INCREMENT=4;

--
-- AUTO_INCREMENT for table `suppliers`
--
ALTER TABLE `suppliers`
  MODIFY `id` bigint UNSIGNED NOT NULL AUTO_INCREMENT, AUTO_INCREMENT=4;

--
-- AUTO_INCREMENT for table `transactions`
--
ALTER TABLE `transactions`
  MODIFY `id` bigint UNSIGNED NOT NULL AUTO_INCREMENT, AUTO_INCREMENT=2;

--
-- AUTO_INCREMENT for table `transaction_details`
--
ALTER TABLE `transaction_details`
  MODIFY `id` bigint UNSIGNED NOT NULL AUTO_INCREMENT, AUTO_INCREMENT=2;

--
-- AUTO_INCREMENT for table `users`
--
ALTER TABLE `users`
  MODIFY `id` bigint UNSIGNED NOT NULL AUTO_INCREMENT, AUTO_INCREMENT=7;

--
-- AUTO_INCREMENT for table `vehicles`
--
ALTER TABLE `vehicles`
  MODIFY `id` bigint UNSIGNED NOT NULL AUTO_INCREMENT, AUTO_INCREMENT=31;

--
-- AUTO_INCREMENT for table `vehicle_images`
--
ALTER TABLE `vehicle_images`
  MODIFY `id` int NOT NULL AUTO_INCREMENT, AUTO_INCREMENT=17;

--
-- Constraints for dumped tables
--

--
-- Constraints for table `carts`
--
ALTER TABLE `carts`
  ADD CONSTRAINT `carts_product_id_foreign` FOREIGN KEY (`product_id`) REFERENCES `products` (`id`),
  ADD CONSTRAINT `carts_user_id_foreign` FOREIGN KEY (`user_id`) REFERENCES `users` (`id`);

--
-- Constraints for table `model_has_permissions`
--
ALTER TABLE `model_has_permissions`
  ADD CONSTRAINT `model_has_permissions_permission_id_foreign` FOREIGN KEY (`permission_id`) REFERENCES `permissions` (`id`) ON DELETE CASCADE;

--
-- Constraints for table `model_has_roles`
--
ALTER TABLE `model_has_roles`
  ADD CONSTRAINT `model_has_roles_role_id_foreign` FOREIGN KEY (`role_id`) REFERENCES `roles` (`id`) ON DELETE CASCADE;

--
-- Constraints for table `orders`
--
ALTER TABLE `orders`
  ADD CONSTRAINT `orders_user_id_foreign` FOREIGN KEY (`user_id`) REFERENCES `users` (`id`) ON DELETE CASCADE;

--
-- Constraints for table `products`
--
ALTER TABLE `products`
  ADD CONSTRAINT `products_category_id_foreign` FOREIGN KEY (`category_id`) REFERENCES `categories` (`id`) ON DELETE CASCADE,
  ADD CONSTRAINT `products_supplier_id_foreign` FOREIGN KEY (`supplier_id`) REFERENCES `suppliers` (`id`) ON DELETE CASCADE;

--
-- Constraints for table `rents`
--
ALTER TABLE `rents`
  ADD CONSTRAINT `rents_user_id_foreign` FOREIGN KEY (`user_id`) REFERENCES `users` (`id`),
  ADD CONSTRAINT `rents_vehicle_id_foreign` FOREIGN KEY (`vehicle_id`) REFERENCES `vehicles` (`id`);

--
-- Constraints for table `role_has_permissions`
--
ALTER TABLE `role_has_permissions`
  ADD CONSTRAINT `role_has_permissions_permission_id_foreign` FOREIGN KEY (`permission_id`) REFERENCES `permissions` (`id`) ON DELETE CASCADE,
  ADD CONSTRAINT `role_has_permissions_role_id_foreign` FOREIGN KEY (`role_id`) REFERENCES `roles` (`id`) ON DELETE CASCADE;

--
-- Constraints for table `transactions`
--
ALTER TABLE `transactions`
  ADD CONSTRAINT `transactions_user_id_foreign` FOREIGN KEY (`user_id`) REFERENCES `users` (`id`);

--
-- Constraints for table `transaction_details`
--
ALTER TABLE `transaction_details`
  ADD CONSTRAINT `transaction_details_product_id_foreign` FOREIGN KEY (`product_id`) REFERENCES `products` (`id`),
  ADD CONSTRAINT `transaction_details_transaction_id_foreign` FOREIGN KEY (`transaction_id`) REFERENCES `transactions` (`id`);
COMMIT;

/*!40101 SET CHARACTER_SET_CLIENT=@OLD_CHARACTER_SET_CLIENT */;
/*!40101 SET CHARACTER_SET_RESULTS=@OLD_CHARACTER_SET_RESULTS */;
/*!40101 SET COLLATION_CONNECTION=@OLD_COLLATION_CONNECTION */;
